convention,into_grade,breakthrough,at_grade,routes_on_runway
as_proposed,8b,1984-01-01,8a+,1
as_proposed,8b+,1985-01-01,8b,2
as_proposed,8c,1987-01-01,8b+,5
as_proposed,8c+,1990-06-14,8c,5
as_proposed,9a,1991-09-14,8c+,2
as_proposed,9a+,2001-07-18,9a,17
as_proposed,9b,2007-11-08,9a+,10
as_proposed,9b+,2012-10-04,9b,10
as_proposed,9c,2017-09-03,9b+,3
as_consensus,8b,1984-01-01,8a+,1
as_consensus,8b+,1985-01-01,8b,2
as_consensus,8c,1987-01-01,8b+,5
as_consensus,8c+,1990-03-30,8c,5
as_consensus,9a,1990-06-14,8c+,1
as_consensus,9a+,1996-01-01,9a,7
as_consensus,9b,2008-09-11,9a+,18
as_consensus,9b+,2012-10-04,9b,8
as_consensus,9c,2017-09-03,9b+,3
