method,typical miss (y),bias (y),worst (y),9c,9c+
Mean of last 3,5.294241995226236,-0.6112251882272176,10.054528861510335,2032.7351129363449,2040.2128678986994
Poly 2,5.628143166853744,2.181005345327685,7.985821844138172,2034.705624001825,2043.8190394706821
Poly 1,5.996929940525241,-4.642877242158602,11.576513151461768,2026.2991101984942,2030.8271545018977
Ensemble of the 3 interval models,6.926600225979466,0.41267766152782315,10.690257814282404,2032.8641214794534,2040.7060967880952
Widening trend,6.987738501834527,1.6740357224340188,10.094957791467095,2033.1474636854514,2041.743204806449
Repeat last interval,9.1049142158041,0.17522245037644096,13.677618069815253,2032.709787816564,2040.1622176591375
Poly 3,10.894260874541411,3.4555718522863117,16.996577686515593,2031.2202144649782,2036.5313649845475
Logarithmic,11.158204149357449,-10.17557009362481,16.215892085883752,2016.1089677866073,2017.5516275615666
Exponential,13.256766324595715,7.828435510320287,24.894729193410285,2035.7257441577394,2046.5774084186337
Poly 4,19.41243877353779,-2.956819367034768,25.42593135816969,2028.1992356833216,2028.0176975089703
