method,typical miss (y),bias (y),worst (y),9b,9b+
Poly 2,3.173942310075563,0.7615092118548091,5.363860369609711,2026.0697609652307,2033.4669169881568
Mean of last 3,3.3274831959278215,-0.7598904859684807,7.097193702943059,2022.5580652521105,2027.0066164727357
Ensemble of the 3 interval models,3.8147791505933375,-0.06968156187863314,7.041638147387403,2023.4610870281642,2029.0154815321828
Widening trend,3.909201322319854,0.9278478537205501,6.263860369609802,2024.830671533957,2032.1602935584456
Exponential,4.536801747666966,2.3113927593501558,5.826830798099763,2026.8375900293076,2035.4470139637945
Repeat last interval,4.674176061324128,-0.3770020533881052,7.763860369609802,2022.9945242984259,2027.8795345653664
Poly 1,4.833743762203654,-4.282476884808238,7.6334255870010566,2018.9763234988175,2022.7512986878303
Poly 3,5.113217404672292,-0.2134394848163083,9.676903847870562,2023.6569791463469,2028.597484590046
Poly 4,7.9035090462141016,1.4194183771588542,15.204771205823135,2020.8526173109037,2021.100225159794
Logarithmic,9.88496449469011,-9.450152406788174,11.860221281947815,2010.1372611671388,2011.3378120911557
