milestone,year,climber,prior_FAs_7c_and_up
8a+  The Face,1983,Jerry Moffatt,7c+x2  8ax1
8b  Les Mains Sales,1984,Marc Le Menestrel,8ax1
8b+  Punks in the Gym,1985,Wolfgang Güllich,7c+x1  8ax1  8bx1
8c  Wallstreet,1987,Wolfgang Güllich,7c+x1  8ax1  8bx4  8b+x1
8c+  Liquid Ambar,1990,Jerry Moffatt,7c+x5  8ax4  8a+x2  8bx1  8b+x1
9a  Hubble,1990,Ben Moon,8ax2  8bx1  8cx2
9a+  Qui,1996,Stefan Fürst,-
9b  Jumbo Love,2008,Chris Sharma,8bx2  8b+x1  8cx3  8c+x1  9ax2  9a+x3
9b+  Change,2012,Adam Ondra,8ax1  8a+x1  8bx1  8b+x2  8cx7  8c+x9  9ax13  9a+x9  9bx2
9c  Silence,2017,Adam Ondra,8ax1  8a+x1  8bx1  8b+x2  8cx12  8c+x17  9ax26  9a+x16  9bx8  9b+x3
