convention,grade,grade_order,climb_id,route,climber,first_ascent,date_precision,location,num_ascents,status,grade_today,grade_at_fa,supplement_source,n_routes_at_grade,ordering_unresolved_with,year_frac,steps
as_consensus,8a+,26,522,The Face,Jerry Moffatt,1983-01-01,year,Schellneckkopf,3,consensus,8a+,8a+,,100,,1983.0,0
as_consensus,8b,27,1611,Les Mains Sales,Marc Le Menestrel,1984-01-01,year,Buoux,4,consensus,8b,8b,,205,"Kanal im Rücken (Wolfgang Güllich, 24th Oct 1984)",1984.0,1
as_consensus,8b+,28,519,Punks in the Gym,Wolfgang Güllich,1985-01-01,year,Arapiles,12,consensus,8b+,8b+,Wikipedia: List of grade milestones in rock climbing (year only),202,,1985.0,2
as_consensus,8c,29,518,Wallstreet,Wolfgang Güllich,1987-01-01,year,Krottenseer Turm,8,consensus,8c,8c,,286,,1987.0,3
as_consensus,8c+,30,66,Liquid Ambar,Jerry Moffatt,1990-03-30,day,Lower Pen Trwyn,5,regraded,8c+,8c,,221,,1990.2409308692677,4
as_consensus,9a,31,5,Hubble,Ben Moon,1990-06-14,day,Raven Tor,12,regraded,9a,8c+,,312,,1990.4490075290896,5
as_consensus,9a+,32,1194,Qui,Stefan Fürst,1996-01-01,year,Geisterschmiedwand,5,regraded,9a+,8c+,,166,"Open Air (Alexander Huber, 6th Dec 1996)",1996.0,6
as_consensus,9b,33,490,Jumbo Love,Chris Sharma,2008-09-11,day,Clark Mountain,4,consensus,9b,9b,,71,,2008.6954140999314,7
as_consensus,9b+,34,469,Change,Adam Ondra,2012-10-04,day,the Flatanger Cave,6,consensus,9b+,9b+,,11,,2012.7583846680357,8
as_consensus,9c,35,465,Silence,Adam Ondra,2017-09-03,day,the Flatanger Cave,1,unrepeated,9c,9c,,5,,2017.6707734428473,9
