convention,grade,grade_order,climb_id,route,climber,first_ascent,date_precision,location,num_ascents,status,grade_today,grade_at_fa,supplement_source,n_routes_at_grade,ordering_unresolved_with
as_proposed,8a+,26,522,The Face,Jerry Moffatt,1983-01-01,year,Schellneckkopf,3,consensus,8a+,8a+,,99,
as_proposed,8b,27,521,Kanal im Rücken,Wolfgang Güllich,1984-10-24,day,Kastlwand,2,consensus,8b,8b,,207,"Les Mains Sales (Marc Le Menestrel, 1984)"
as_proposed,8b+,28,519,Punks in the Gym,Wolfgang Güllich,1985-01-01,year,Arapiles,12,consensus,8b+,8b+,Wikipedia: List of grade milestones in rock climbing (year only),206,
as_proposed,8c,29,518,Wallstreet,Wolfgang Güllich,1987-01-01,year,Krottenseer Turm,8,consensus,8c,8c,,284,
as_proposed,8c+,30,5,Hubble,Ben Moon,1990-06-14,day,Raven Tor,12,regraded,9a,8c+,,226,
as_proposed,9a,31,515,Action Directe,Wolfgang Güllich,1991-09-14,day,Waldkopf,32,consensus,9a,9a,,309,
as_proposed,9a+,32,475,Akira,Fred Rouhling,1995-06-06,day,Le Périgord,4,disputed,9a,9b,,156,
as_proposed,9b,33,475,Akira,Fred Rouhling,1995-06-06,day,Le Périgord,4,disputed,9a,9b,,74,
as_proposed,9b+,34,789,Chilam Balam,Bernabé Fernández,2003-07-04,day,Villanueva del Rosario,11,disputed,9a+,9b+,,13,
as_proposed,9c,35,465,Silence,Adam Ondra,2017-09-03,day,the Flatanger Cave,1,unrepeated,9c,9c,,5,
