kind,panel,subtitle,n_fas,n_unrepeated,top_grade,widest_tier,pyramid
milestone,8a+  The Face,Jerry Moffatt · 1983,3,1,8a,2,7c+x2  8ax1
milestone,8b  Kanal im Rücken,Wolfgang Güllich · 1984,2,1,8a,1,7c+x1  8ax1
milestone,8b+  Punks in the Gym,Wolfgang Güllich · 1985,3,1,8b,1,7c+x1  8ax1  8bx1
milestone,8c  Wallstreet,Wolfgang Güllich · 1987,7,3,8b+,4,7c+x1  8ax1  8bx4  8b+x1
milestone,8c+  Liquid Ambar,Jerry Moffatt · 1990,13,6,8b+,5,7c+x5  8ax4  8a+x2  8bx1  8b+x1
milestone,9a  Hubble,Ben Moon · 1990,5,0,8c,2,8ax2  8bx1  8cx2
milestone,9a+  Qui,Stefan Fürst · 1996,0,0,,0,-
milestone,9b  Jumbo Love,Chris Sharma · 2008,12,4,9a+,3,8bx2  8b+x1  8cx3  8c+x1  9ax2  9a+x3
milestone,9b+  Change,Adam Ondra · 2012,45,16,9b,13,8ax1  8a+x1  8bx1  8b+x2  8cx7  8c+x9  9ax13  9a+x9  9bx2
milestone,9c  Silence,Adam Ondra · 2017,87,29,9b+,26,8ax1  8a+x1  8bx1  8b+x2  8cx12  8c+x17  9ax26  9a+x16  9bx8  9b+x3
climber,Adam Ondra,133 first ascents · 2002–2026,133,54,9c,33,8ax1  8a+x1  8bx1  8b+x4  8cx17  8c+x27  9ax33  9a+x29  9bx14  9b+x5  9cx1
climber,Seb Bouin,27 first ascents · 2013–2026,27,22,9c,10,8c+x1  9ax7  9a+x6  9bx10  9b+x2  9cx1
climber,Alex Megos,32 first ascents · 2009–2026,32,12,9b+,11,8cx7  8c+x2  9ax11  9a+x6  9bx4  9b+x2
climber,Stefano Ghisolfi,16 first ascents · 2010–2024,16,2,9b+,6,8cx1  8c+x1  9ax4  9a+x6  9bx3  9b+x1
climber,Jorge Díaz-Rullo,14 first ascents · 2019–2026,14,9,9c,4,8b+x1  8cx4  8c+x2  9ax2  9a+x2  9bx1  9b+x1  9cx1
climber,Jakob Schubert,5 first ascents · 2010–2023,5,3,9c,2,8c+x2  9a+x1  9bx1  9cx1
climber,Sean Bailey,3 first ascents · 2014–2025,3,1,9c,1,8b+x1  8cx1  9cx1
