climb_id,climb_name,grade_clean,first_climber,first_ascent_date
3111,El Picacho,9b,Jonatan Flor,2021
3957,Priorato de Sion,9a,Ramón Julián Puigblanque,24th Mar 2008
4623,Hello,9a,Adam Ondra,17th Sep 2017
7514,Nid de Fadas,9a,Pepa Šindel,27th Feb 2025
7539,Blood of Olympus,9a,Josh Cornah,2018
7540,Superboy,9a,Derek Thatcher,2019
7541,Phantom Bender,9a,Derek Thatcher,2019
7566,Frostbite,9a,Ryan Sklenica,5th Apr 2026
7575,Juturna,9a,Jorg Verhoeven,19th Aug 2020
7590,Biologico,9a,Adam Ondra,8th Apr 2012
7601,Fox-Like Creature,9a+,Cy Mcintosh,3rd May 2026
7642,Thor's Hammer 2,9a+,Adam Ondra,16th Sep 2017
7643,120 Degrees,9a+,Adam Ondra,19th Jun 2016
7644,Flammen Inuti,9a,Adam Ondra,6th Aug 2017
7645,The Right of Passage,9a,Adam Ondra,2nd Jul 2016
7646,Brunhilde low start,9a,Adam Ondra,25th Aug 2015
7662,Abyss,9a,Alex Raczyński,18th Aug 2012
7679,Illusion of Lactate,9a+,Christian Leitner,9th Apr 2026
7685,Dolby Surround,9a,Kilian Fischhuber,Before 2nd Sep 2008
7690,Des Scènes Bizzares Dans la Mine D'Or,9a+,Pirmin Bertle,27th Aug 2015
7691,Focus Pocus,9a,Pirmin Bertle,30th Apr 2018
7692,Tropico del Capricorno,9a+,Luca Bana,13th May 2026
7704,Samahdi,9a,Jonathan Siegrist,15th May 2026
7710,La Mola Mola,9a,Samuel Ometz,May 2020
7730,Mandanga Total,9a,Carlos Jimenez Munoz,22nd Sep 2015
7746,Hakol Beseger,9a,Alex Khazanov,2nd Oct 2021
7779,La Gayola Perfecta,9a+,Alex Garriga,Before 24th May 2026
7811,Yellow Sun,9a,Olivia Ogier,27th May 2026
7816,Biographie,9a+,Chris Sharma,18th Jul 2001
7825,Les Plumes de Calcaire,9a+,Seb Bouin,Before 29th May 2026
7831,Black Label,9a,Markus Bock,2013
7832,Hello Kitty,9a,Alex Megos,Apr 2021
7835,Baker's Dozen,9a,Tom O'Halloran,Jul 2016
7853,Big Bone,9b,Cameron Hörst,27th May 2026
7861,Still Life,9a,Samuel Hammer,30th May 2019
7864,Syncro-Suutari,9a,Samuel Hammer,2025
7866,Climb for Life,9a,Adam Ondra,14th Oct 2012
7876,Affinità Elettive,9a+,Andrea Milani,Before 13th Oct 2025
7910,Absinthium,9a,Laura Rogora,2nd Jun 2026
7962,Process,9a,Adam Ondra,4th May 2016
7993,Moon Landing,9a,Stefano Carnati,25th Jul 2020
8008,Persistencia de la Gioconda,9a,Marta Palou,Before 8th Jun 2026
8009,En Este Luz Te Ves Como Poseidon,9a,Pirmin Bertle,27th Jul 2017
8020,Naturalmente,9a+,Adam Ondra,21st Apr 2017
8022,Maitre Vauban und der Basilisk,9a,Arthur Kubista,5th Oct 2003
8028,Big Twin,9a+,Adam Ondra,21st May 2026
8030,Welcome to the Club,9a,Luca Zardini,3rd Oct 2009
8033,Amicalement Blues,9a,Nico Pelorson,31st Mar 2015
8034,La 9ème Centenaire,9a,Nico Pelorson,7th Nov 2015
8039,Psikoterapia,9a,Patxi Usobiaga,8th Jul 2004
8040,X-Drive,9a+,Manuel Brunn,21st Oct 2021
8074,Verdens Ende,9a+,Leo Bøe,1st Jul 2026
8086,Megageremia,9a,Stefano Carnati,7th Jul 2020
8116,Lülü,9a,David Lama,2010
8117,Les Enfants Gâtés,9a+,Nico Pelorson,Jul 2020
8162,X Integral,9a+,Dylan Chuat,16th Jul 2023
8172,The Famous Gem,9a,Seb Bouin,2024
8213,L'Enfant Despote,9a+,Maël Musson,10th Aug 2026
8228,Zeleputza,9a+,Jonatan Flor,Aug 2021
8234,Nova,9a,Seb Bouin,Before 15th Aug 2026
8260,Mongo,9a,Markus Bendler,4th Oct 2004
8286,Balkon Projekt,9a+,Klem Loskot,Before 18th Nov 2012
8287,Rehabilitation,9a+,Klem Loskot,Before 8th Dec 2012
8293,Vacaciones en Singapore,9a,Eduard Marin,Before 26th Aug 2026
8318,Jamais Deux Sans Toit,9a+,Daniel Jung,22nd Nov 2017
8319,Harder Better Faster Stronger,9b,Loïc Zehani,27th Nov 2024
8320,L'Aura,9a,Laura Rogora,Before 31st Aug 2026
8327,Cancion del Cuy,9a,Malik Schirawski,Jul 2026
8352,Legend,9a+,Klem Loskot,2000-2014
